date_bs,date_ad,PSP_Agents,Wallet_Users,ATM_Machines,Debit_Cards,Credit_Cards,Prepaid_Cards,Mobile_Banking_Customers,Internet_Banking_Customers,Branchless_Banking,RTGS_Participants,ConnectIPS_Users,ECC_Members,IPS_Members,RTGS_Count,ATM_Cash_Withdrawal_Count,ECC_Count,IPS_Count,ConnectIPS_Count,Debit_Card_Count,Credit_Card_Count,Prepaid_Card_Count,Internet_Banking_Count,Mobile_Banking_Count,Branchless_Banking_Count,Wallet_Count,QR_Count,POS_Count,Ecommerce_Count,Faster_Payment_Count,Cross_Border_QR_Count,Other_Retail_Count,RTGS_Value,ATM_Cash_Withdrawal_Value,ECC_Value,IPS_Value,ConnectIPS_Value,Debit_Card_Value,Credit_Card_Value,Prepaid_Card_Value,Internet_Banking_Value,Mobile_Banking_Value,Branchless_Banking_Value,Wallet_Value,QR_Value,POS_Value,Ecommerce_Value,Faster_Payment_Value,Cross_Border_QR_Value,Other_Retail_Value
2077 Saun,2020-07,5139,6274129,4150,7437602,164386,58977,11464867,1045558,1575,27,162117,65,85,34616,4769340,1039330,347854,633134,5426368,154698,8986,205735,5923411,53350,10177889,195016,532911,168627,0,0,0,1213870,38393,657113,156360,47367,41787,708,57,3082,18393,1042,7579,589,1858,1201,0,0,0
2077 Bhadau,2020-08,8442,6483964,4177,7499502,165610,30279,11663400,1061688,1601,27,189907,64,85,28137,3797969,677845,656142,895586,4118182,76317,4587,208934,5961339,37344,9415447,179150,314110,87007,0,0,0,835526,32320,402477,153073,61958,33667,407,30,4741,20340,815,7339,648,1223,561,0,0,0
2077 Asoj,2020-09,8693,6643869,4191,7669827,168682,58229,11912813,1061340,1619,27,218749,64,87,41385,5388502,1061661,1077322,1259291,5952693,128460,7706,275933,7850154,47650,10175962,265125,586731,113052,0,0,0,1406545,46785,687075,234498,88979,49109,760,58,6314,28804,1066,9883,969,2349,794,0,0,0
2077 Kartik,2020-10,8741,6773201,4191,7767070,173480,57834,12275838,1065420,1633,27,236361,64,89,34765,6016320,877695,654918,1028037,6650567,141333,5760,221405,7643296,48454,9749707,241818,668319,112706,0,0,0,1108297,55490,545185,170810,73594,58472,816,60,5436,25654,1009,8592,939,3038,820,0,0,0
2077 Mangsir,2020-11,8753,6925915,4224,7916412,175502,58244,12442801,1070323,1654,27,260485,64,91,41332,6297931,970604,794694,1217310,6890924,196158,9788,245286,8386470,86675,9929969,343574,690259,108459,0,0,0,1304852.0098825842,56255.94517324,612782.4433818285,200589.76748605468,90014.56304862001,58835.06582102,1200.5983694099998,88.66200107,7205.791130660001,30286.632058239997,1048.24981646,8986.823051918002,1255.5737791900024,3105.5707794900004,762.80614477,0,0,0
2077 Push,2020-12,8793,7064853,4254,8049059,176414,56626,12689445,1090322,1685,37,288096,65,92,49029,6790646,1122295,980237,1403873,7478022,151685,15655,302056,8681369,50350,9890521,372176,734376,120013,0,0,0,1684030.8568340582,58768.90030583,762766.4262246209,242531.26915906195,100779.09969826,61601.49328521002,955.4599629799999,108.38129465,8502.741954149998,33152.78689584,1115.39471237,9655.547306975,1244.96262734,3053.34246798,843.0854837000002,0,0,0
2077 Magh,2021-01,8928,7411335,4284,8230170,181785,56509,13012933,1119886,1703,37,326003,64,93,49081,7080504,1097113,1642868,1545414,7783284,169985,11928,310482,9672478,50836,10516599,535790,757424,127233,0,0,0,1701030.06631916,60283.78315864001,722283.6432715685,202282.7003294326,104394.37961484001,63354.49969375001,1019.5979090800001,101.07137426,9226.99169427,38596.63557418001,1086.1188923099999,9947.735372124998,1712.1970962799999,3259.5619490100007,931.96336207,0,0,0
2077 Falgun,2021-02,9030,7667312,4297,8402379,185628,57413,13267947,1131547,1721,37,367899,64,93,48765,7472259,1104909,907398,1603598,8215170,189166,11491,267582,10082655,51093,10614268,635738,813330,130202,0,0,0,1736328.9945078304,60711.26433934,701807.9368846965,179696.815825502,110571.98082275,63796.66709811,1039.13919567,101.80188984,8880.02983709,40358.8747131,1123.28005563,10179.528843307999,2055.33158632,3322.250818090001,904.0925951899999,0,0,0
2077 Chaitra,2021-03,9153,7925833,4300,8573382,188507,62256,13591375,1122888,1739,37,404757,63,96,62859,8356061,1396795,997255,2038465,9199716,191946,13378,303844,11047474,68157,11465257,782471,871488,173657,0,0,0,2177811.9935289375,70604.22138071,930788.9079540119,211431.78852097897,141801.84983813998,74146.19808889001,1131.04615809,76.52726985,10214.694649729998,48652.17292520998,1452.9784984100002,11021.036637108999,2721.74259719,3691.2347619999996,1058.25070312,0,0,0
2078 Baisakh,2021-04,9210,8297852,4302,8677662,187311,64891,13825814,1141783,1735,38,438180,63,99,49343,6664179,945609,762332,1843551,7249824,123558,13181,268144,11616566,50792,10743511,672689,608704,113680,0,0,0,1980869.5165976533,58064.92372086999,657310.8746883584,173879.01892873418,141270.38580224002,60698.58730993999,689.82726278,61.1429406,10079.503134740004,48887.12622754,1092.1974489200002,10106.07718523,2528.8173676700003,2616.8786033200004,767.75518913,0,0,0
2078 Jestha,2021-05,9235,8568705,4308,8721829,189198,65782,13961877,1148368,1744,38,480330,63,102,34874,4926771,561598,855522,2160648,5218514,69848,11176,240438,11357181,34854,9750065,502666,334154,38613,0,0,0,1900993.5843671977,46201.18486855,389071.1823722285,144896.53271038242,158253.58153167,47468.20911247,400.42861154999997,37.72749031,11141.771870679999,53159.56058588,709.7656937200001,8352.63857859,1967.80046934,1543.6819806899998,161.49836509,0,0,0
2078 Asar,2021-06,9279,8885914,4325,8839855,192370,68265,14194839,1160321,1718,38,534615,60,103,59655,6919199,1440472,1164481,3204845,7465439,124243,17231,329523,13700993,59783,12515904,855566,635599,52115,0,0,0,3502057.163726248,64389.47,987787.728417202,299059.3867667914,237758.39804640997,66417.49,859.0214,73.04171,13831.56,73729.19,1308.869,12789.63070875,3650.75323664,2664.526,295.5496,0,0,0
2078 Saun,2021-07,9415,9253374,4329,9024565,193575,71473,14526356,1188914,1727,38,595307,60,102,54623,7362311,1216287,730275,2956967,8081818,161731,23919,340525,13099189,73340,13155501,1293349,837266,67891,0,0,0,2126131.7251022947,65377.27386900999,864738.5769954551,160638.58069485778,213375.46158616,68104.72361952999,1081.94050844,87.37833738999998,15170.67710309,72873.01795439,1499.09818503,14052.224943426001,5055.81520673,3510.198162159999,386.57043419,0,0,0
2078 Bhadau,2021-08,9699,9635888,4340,9570797,200482,78262,14872634,1210437,1740,38,655562,60,102,56167,8171367,1128439,1145630,3224175,8937593,171894,26964,301012,13241819,56383,13203496,1577561,898947,66137,0,0,0,2494635.1038137698,70131.52066012,766728.5691421045,168955.53593699768,232542.99266162998,73057.94539317001,1227.5724149999999,116.5041747,13503.688374809995,74309.81260438,1218.79876596,14426.8033182574,5856.60010842,3816.32623532,454.17508742999996,0,0,0
2078 Asoj,2021-09,10030,10028771,4347,9369678,204956,83350,15153463,1258586,1752,38,688606,60,103,60115,8299587,1167554,1289891,3510226,9212511,196415,30038,311580,13764982,58686,13565054,1515329,1063020,76357,0,0,0,3145711.3790160175,76537.10436048,832894.5763610089,200036.83561331392,239147.61282903,80386.13688178,1298.16830842,153.44493429,13343.715430600005,87732.27333388,1279.2518678200001,15186.856257850002,6097.214643939999,4845.288707119999,455.35705688999997,0,0,0
2078 Kartik,2021-10,10309,10239007,4377,9565024,207619,86063,15430379,1263883,1750,38,716112,59,103,55897,7262304,969918,961422,2760503,8075472,177648,33990,250177,12615637,62310,13030804,1387584,947928,76878,0,0,0,3642341.7885780307,62816.68265701001,702982.1948440295,137610.06087858797,203035.59937718,66298.67949061001,1177.7952031999998,192.80490486000002,11831.894504549999,78156.68001032,1315.033026,13948.861018830003,5362.44995105,4409.547838329999,443.1175993299999,0,0,0
2078 Mangsir,2021-11,10611,10419678.149525212,4384,9757919,210673,89231,15941535,1520600,1621,38,740361,59,104,61204,7034284,1128411,1396787,2895617,7752784,146029,31826,253245,13064684,59021,13088543,1649397,835845,60510,0,0,0,3477630.2330778497,59905.98587054999,736806.0384928379,147891.6920818196,228453.55364280002,65548.76322051,970.2866810099999,166.47850287,12734.905527149996,88531.42224228,1338.7571976,15527.645378584999,6282.2781829900005,3814.55364326,350.42461374999993,0,0,0
2078 Push,2021-12,11039,10711089,4417,9855221,215199,89456,16212468,1556331,1626,45,764031,60,106,64254,8458944,1184985,1661251,3145959,9298079,183571,45411,256228,13518936,53029,13712206,1918526,995037,71666,0,0,0,3680463.1902087247,69291.79041026003,765957.3185987232,167793.49631119412,247473.94310435996,72618.78873234,1125.0722194500001,295.02704613,13495.943468779995,94407.49965530999,1199.84046515,16275.613985439,6525.27642033,4396.13735265,348.92817615999996,0,0,0
2078 Magh,2022-01,11237,11011931,4431,10012907,216273,92341,16476700,1583253,1568,45,793151,60,106,57640,7548329,1005947,1293402,3140180,8224577,166022,45685,267358,13844710,60891,12957353,1782363,814400,72503,0,0,0,3133117.0672811656,62457.86862809001,641204.7467718095,143206.5470457738,236422.73577827998,64969.789410590005,935.69103279,313.89902028999995,12899.0344576,92767.50965411,1287.20589747,14535.883876897999,6892.351239420001,3413.4607077200003,346.23032635999994,0,0,0
2078 Falgun,2022-02,11488,11357393,4464,10238473,219946,95609,16849488,1609260,1553,45,817197,60,108,60573,8572620,1201363,925202,3339554,9319884,195878,45651,273699,15559970,67311,14033490,2307904,924476,62817,0,0,0,3692983.0460135443,69616.07560941,698348.992323225,165340.44883093718,273858.26205245,72599.44596343,1148.29305402,302.06712946,13739.43766279,107118.84186543,1468.74549557,16598.648001391997,7762.33799805,4082.8647063499993,348.02526803,0,0,0
2078 Chaitra,2022-03,12047,11719626,4472,10442985,227961,98683,17382448,1658184,1518,45,841092,60,108,65376,9148076,1225832,893627,3605430,10005010,209998,43912,274947,16459963,60866,14494893,2723586,1045301,64406,0,0,0,4343588.603392453,73365.55079645998,726731.2078928781,185070.0559765353,291295.78588011,76812.56409346,1253.9084270800001,279.51979446999997,13059.281974089998,115397.6651939,1341.0937639099998,15362.056848336,8941.8161386,4638.170569569999,340.06432198000005,0,0,0
2079 Baisakh,2022-04,12334,12095688,4512,10606549,230522,102584,17676259,1606829,1522,49,858410,60,108,60603,9538362,1065594,877000,3115088,10462608,215018,52273,252705,17791018,64162,14884701,3071843,1121020,68939,0,0,0,3997680.3310901676,76634.45192811999,598535.0915198954,147166.05847166662,259389.66324305,80192.37023625999,1244.77410098,360.55235604999996,11916.779195610003,113622.18317216002,1291.7569543700001,14660.0975397415,10191.032770939999,4726.312772790001,434.73525459999996,0,0,0
2079 Jestha,2022-05,12515,12826745,4581,10852736,234628,105634,17961063,1632611,1530,49,873996,60,110,72328,9422989,1139248,927792,3453370,10332633,218805,51896,255814,18020460,66784,15159536,3440573,1116243,62347,0,0,0,4050679.82113218,74139.50370846,588176.6766686956,160580.52934521,287545.55052332,77606.80371717998,1189.45145491,373.5363999599999,12155.908596239999,121962.49014081001,1447.16628748,15966.68288775,11015.313890139996,4599.5376072399995,427.50985871,0,0,0
2079 Asar,2022-06,12685,13675993,4602,10856357,238794,108641,18307255,1684310,1548,49,896341,59,111,81817,10169331,1486551,1322174,4270099,11127683,227920,57942,318598,20564308,69465,16206356,4281994,1173548,68944,0,0,0,4349056.027633213,79458.27998276001,850649.4438477079,275751.56081131764,369222.95901408,83200.14942336001,1490.11313446,457.99356107,15638.094478849998,163254.93062303003,1503.33845256,17751.830808360002,14525.96668115,5182.537558110001,504.43436052000004,0,0,0
2079 Saun,2022-07,12843,14094622,4636,11080950,250618,110854,18643834,1706869,1548,48,917543,59,112,77971,10985711,1061056,496924,3447758,11947667,232922,58095,299363,20018158,86118,15761340,4672056,1179355,71924,0,0,0,4372006.929281555,73462.12674296001,579657.6647805895,109550.21048248508,269140.17029652995,77211.59376965999,1377.76393081,429.6177419300001,13743.68903521,152560.84005310002,1650.91106376,17464.1602854,14816.87994456,5068.885494029999,484.46128278000003,0,0,0
2079 Bhadau,2022-08,12986,14525144,4661,11349362,258043,115685,18889430,1706091,1497,49,933875,59,112,72560,10071762,1010350,1094343,3821277,10977955,238910,65499,266435,20648268,63576,16205487,5205804,1132460,75863,0,0,0,3620751.6484319624,75745.52867188999,500308.8273961523,158118.4769775936,292544.63241694,79410.02920249,1473.53604866,417.82663829,12192.84889545,146143.18446493003,1394.06514705,17634.933322760004,15028.208048139999,5131.51709151,419.94384412,0,0,0
2079 Asoj,2022-09,13038,14839820,4664,11557174,262945,118942,19102652,1719733,1500,49,946293,59,112,64525,10028183,945683,967944,4013396,11037897,236839,65428,248622,20909361,73273,15703042,4770249,1236424,73282,0,0,0,3224481.8992560883,88895.90603664,501470.00000414025,172363.18382495048,307275.4372694,93142.88393747999,1541.97768766,435.85612382,11958.708312930006,162137.49992071002,1487.6400305600002,16568.21160305,17336.910481630006,5798.165354770001,422.27940563,0,0,0
2079 Kartik,2022-10,13075,15133735,4696,11738973,269476,122641,19403680,1750936,1420,50,958250,59,113,59340,9226589,852428,1102013,3645595,9994341,243900,59819,234107,20508029,63352,15519743,4612307,968633,100458,0,0,0,2749056.70998183,78275.11343232999,428304.78764725436,122865.1863961964,279892.76614679006,81848.28416718,1620.3279113,393.05931448,11704.651618269994,151986.63976920999,1294.9178391399998,17226.676871636,16144.249163949999,4916.98335588,663.3489701199999,0,0,0
2079 Mangsir,2022-11,13230,15502133,4739,11927774,270156,126667,19766415,1770937,1424,50,974543,59,114,63016,9203297,912079,1647824,3827686,9912250,208040,54669,243008,21635431,58036,16892925,5109631,892611,76811,0,0,0,2436540.71056244,75224.07879125999,439593.7137744727,153038.3116580868,298285.75580221997,78463.38409195999,1368.3003388799998,341.35037122999995,11475.66656293,160036.47172725998,1273.50658021,17729.64856766,19346.01906351,4458.87390729,482.35735909000005,0,0,0
2079 Push,2022-12,13273,15962907,4648,12222387,276089,124768,20053420,1768932,1428,46,994844,55,113,68774,9680057,1003928,2459453,4320252,10469376,236570,60760,234387,21645162,64906,17176406,5618826,1002294,81501,0,0,0,2700157.150999215,77845.76295175,537947.1461925037,181004.82335393332,343315.50841608003,81421.19930968,1536.2321440999997,404.77556789,12291.074518590003,167806.96539518004,1368.7883023000002,18260.647408290002,17031.69735838,5023.369108729999,488.42092579,0,0,0
2079 Magh,2023-01,13288,16126433,4692,12305506,278323,127736,20036524,1764801,1437,46,1022271,55,113,62544,9551897,979244,1713585,4299311,10186662,213497,59538,258412,22216080,81939,16960828,5782265,825706,76511,0,0,0,2295803.6213133126,77041.01692978002,474624.7292966395,171531.191927131,328033.53866433003,79694.04298513001,1344.67714226,407,12419.341123520004,172119.41371664996,1571.77560404,17117.86623609,17765.29840201,3886.7591538799998,509.93921839,0,0,0
2079 Falgun,2023-02,13397,16751713,4713,11874649,282026,130206,20065267,1779134,1367,45,1036549,54,114,60924,10177956,975778,941714,4105332,10940532,230495,56632,276910,24566107,68746,19787258,6750582,967753,79465,0,0,0,2287259.1440195693,81733.65618253002,457817.3193316984,159991.09891090658,340016.66110985,85141.12641114001,1411.5530065399998,365,13861.013716670004,191823.7805795,1523.8785222999998,18155.771003454804,20776.39321724,4705.10576196,474.48611257000005,0,0,0
2079 Chaitra,2023-03,13706,17560253,4729,12118371,285127,127770,20434031,1798866,1353,45,1051776,54,116,71770,10410421,1108293,1100968,4357242,11180826,240575,57020,276559,25735075,75177,18667139,7644791,983109,82759,0,0,0,2437404.0410753395,83036.38347049001,558862.9083469224,195626.9671662648,380936.3085241,86451.47927211001,1583.59458701,346.54736225,13679.134987729996,207452.42392131002,1583.1775378799998,19922.14066328,22892.32483999,4839.55361392,502.33740244,0,0,0
2080 Baisakh,2023-04,13744,18229125,4716,11760594,274690,133060,20763346,1803065,1355,45,1064549,54,116,64973,10615164,1001761,1088846,4210480,11432893,262877,60746,276985,27424732,90063,19264085,8587224,1057927,81286,0,0,0,2429909.8224287247,83873.0352193,469869.91688668873,173748.2636738111,359528.41112297,87384.6235938,1590.50373467,390.76990451999995,13450.761616099999,210010.07894543002,1764.34995632,19254.883379848,26050.84658999,4967.90355276,520.87756691,0,0,0
2080 Jestha,2023-05,13888,18641453,4743,12234366,280240,137806,21091059,1830425,1330,45,1090142,54,118,72476,11059144,1161783,958986,4632924,11855816,261909,73397,286673,29210322,79967,20606030,9509249,1034441,95766,0,0,0,2752673.743399038,86300.49364859998,539954.3582740587,214051.95873164362,417205.85723629,89783.48071518997,1673.28651285,461.09151126999996,14548.565481119998,230475.48217243,1703.3186625600001,20145.547843300003,28075.78624567,5004.56243738,609.21052159,0,0,0
2080 Asar,2023-06,14123,18941793,4855,12245485,283772,139777,21363989,1856195,1319,44,1108436,53,115,76307,11042117,1336586,1808046,5571691,11838532,262057,73017,315202,28903872,73215,20822861,9766216,1035206,94509,9783842,0,3684529,2983929.601419791,86964.34042004003,718754.9359843439,323815.6330621934,498453.17906243,90541.19198271004,1829.585446,446.75212714,15502.44539208,233446.42734270997,1433.06693105,20326.27815689,30147.70568531,5243.810401770001,604.53263138,321519.08951498003,0,321975.25495078
2080 Saun,2023-07,14398,19540305,4969,12400949,288151,145352,21691474,1887046,1306,44,1129469,53,117,69568,10878681,1014156,686079,5275824,11609914,285207,83366,323879,31281546,93510,22205947,11257388,989427,108071,9396014,0,3466622,2868743.1705456036,81382.68095411999,500591.41018357174,131068.5447540968,377460.02047403005,84305.53143133999,1804.41170928,570.8617790899999,14645.68624951,242914.90261033995,1772.99794608,21916.24789055,29996.2094735,4570.093168269999,723.50653094,285192.38328233,0,226875.64089219997
2080 Bhadau,2023-08,14398,19540305,4969,12400949,288151,145352,21691474,1887046,1306,44,1129469,53,117,61060,11168727,891815,1226850,5509585,11889616,294407,95836,329886,34493252,61868,22414576,11799175,1003742,105286,9626131,0,3845786,2185577.0112665505,83384.14234578001,404474.66795942717,153919.75878474038,371803.9041313401,86148.65075735001,1638.1129875500003,668.3011819200001,12950.11912365,242261.13534036995,1341.70474272,21092.2016713189,30563.960862120002,4459.20366154,608.06119377,264316.27189406,0,240136.78680727998
2080 Asoj,2023-09,14580,20276161,5048,12639622,299162,158057,22284622,1625009,1296,44,1160956,54,118,72620,11512710,1061098,2074750,6023161,12340969,268555,101567,277606,32772839,72565,22622170,11883100,1072356,123750,10444444,0,4428625,2759791.5655220654,96054.13302837,530404.1805919709,227753.6461408921,477911.29020111,100110.24432422,1819.50487623,604.78965862,11808.216948299998,277823.60775753006,1575.494071,22795.765270345903,36214.57470017999,5760.881958040001,713.3236376200001,315231.37457900995,0,323557.14025039
2080 Kartik,2023-10,14486,20567401,5059,12673560,301236,160406,22505083,1759193,1268,44,1170855,54,119,46853,10318787,690854,1651295,4604013,11158905,270196,84481,225892,26981617,65706,21130619,8729939,1091419,101846,8676003,0,3527908,2247494.74732481,92401,335528.54406177514,133088.9098929432,349991.2804926301,96092,1624,598.13128538,10906,228327.95705772995,1302,20245.97763411,32017.05469657,6235,863,249342.03404744,0,234523.79689494
2080 Mangsir,2023-11,15100,20827994,5073,12680168,303720,165695,22624607,1788657,1220,44,1182756,54,120,62579,9586546,930119,1350418,5151157,10320773,240580,87439,262623,31327659,62902,22683040,11252394,935239,125170,9415411,0,3873197,2593151.7290488076,80101.00799075,458081.4389986322,170847.647913489,432071.86252315005,83720.65168946999,1640.46252167,538.71965399,13376.788491289999,263464.37727043,1426.21069432,23180.778743759998,38059.55640056999,5074.28420937,720.7716635300001,294859.81821776,0,291986.46926376
2080 Push,2023-12,15076,21228529,5064,12432281,279346,155925,23215180,1808359,1221,44,1197705,54,120,62970,10455659,969752,2064326,5563274,11222577,251714,89627,273286,33224078,55725,21388368,12586268,993646,112993,10183780,0,4189163,2629048.17982728,84421.5104262,509066.32829328725,204296.1494395011,454950.13474665,88069.65888973,1767.1346971399998,633.6073384700001,14807.625340439996,282240.98330796004,1209.4629583199999,23083.996145857996,38595.99289131999,5322.342013920001,723.82673922,312567.30572461,0,303346.13930299
2080 Magh,2024-01,15214,21295449,5078,12524121,282945,160725,23506028,1835849,1213,44,1214678,54,122,66698,10711574,962825,4539379,5673135,11417089,256197,98155,264840,33852704,79548,22727369,13157762,931189,126870,10112612,0,4511471,2822861.2290905304,86484.64734545,479291.0157551987,198546.12850941264,452717.9993317401,89744.30940812,1775.70953245,599.0959551999999,13786.768292509998,289387.3792348301,1607.25576275,23871.856227304997,37734.378469949996,4974.898395859999,656.27016535,317293.88953449,0,298697.81035021
2080 Falgun,2024-02,15408,21633601,5091,12651185,283024,163276,23783389,1874982,1217,44,1228140,54,124,67540,10785143,996874,1715625,5971115,11523192,256777,97002,284141,32462954,71333,22410321,14291877,969145,121499,11080215,0,4796138,3453747.31418134,88069.82394454001,480505.11255688604,188165.93014236205,483182.0822945,91480.24002386,1767.56713413,618.6087635399999,14330.036107720001,291953.81656118995,1580.86380627,24020.251325318,42560.48431794,5189.09794903,605.8981107,346100.92696926004,0,324467.15950441
2080 Chaitra,2024-03,15339,22277423,5096,12714861,284672,166965,24053629,1904773,1195,44,1240666,54,126,71802,10975001,1017042,2265932,6099490,11752608,266249,94496,281536,35165212,71271,24484072,16103164,1012815,124497,11625135,0,4994136,3467334.8910509204,89873.64762672999,511757.0631373927,211123.75624726305,513128.06830806995,93556.53872952999,1888.92842805,583.30451943,14398.23329863,298970.5708527799,1571.0779171799998,26546.880966409004,45678.11065596001,5490.421305350001,662.29049693,359737.17854871,0,346141.21164701
2081 Baisakh,2024-04,16525,22615122,5163,12789656,286253,171418,23797680,1938888,1170,44,1251440,54,126,70692,11465373,1027048,3404756,6314996,12264152,282790,101598,307316,42444517,88047,27856329,17639565,1045993,135972,12109894,0,5335493,3579782.2948949668,93404.00344721001,492516.17524420546,238113.2217436665,522703.66059379,97127.87269127999,1899.0604661300001,656.21073379,14679.208743760004,336058.37215322,1808.77945974,28439.31686166,52756.866487880005,5523.93203132,752.3545616699998,366774.64519290003,0,355358.25581766997
2081 Jestha,2024-05,17463,23038240,5182,12927850,287522,175597,24363776,1945736,1148,44,1262797,54,125,75782,11467984,1122289,1329060,6528852,12276802,288507,104280,330414,44372031,75632,32514968,19820220,1058154,142365,12522132,0,5578946,3461535.73316871,91009.10736772,524097.8389172154,218973.13481965594,562617.7749424701,94782.53263120998,2035.16550607,702.02771215,16311.462619700003,351286.56542872003,1733.82695398,29354.327052227996,53880.967591550005,5632.761369660001,873.88250219,390268.93243785,0,379697.35857121996
2081 Asar,2024-06,17563,23461107,5193,12893528,289239,181724,24648846,1919322,1129,44,1276886,54,132,81605,11216030,1292363,5150393,7787282,12040786,282728,107663,351301,45669301,75501,32105917,20825615,1068417,145977,13051828,0,6859731,6451161.1913499,91261,672755.3827065378,359990.76487740537,666582.5486586898,95260,2073,768.71703097,17738,373978,1649,38146.589178669,61736.805327730006,5925,913.1096694299999,419225.83159481006,0,465121.46373307
2081 Saun,2024-07,17474,24257656,5200,12997305,290736,188609,24961165,1962827,1107,44,1299076,54,132,74380,11316520,1009975,774945,6844678,12173494,292990,113649,409065,47460245,91775,30878940,22934627,1112479,150292,13600503,38206,5871897,10803021.53486779,87871.75755998,532311.0982606028,174064.89577978037,525337.71161618,91938.76770032001,2063.52185533,1048.52752392,22491.16553686,377632.38014823996,1884.84463801,43697.8567880084,62286.337036699995,6046.62757863,1128.90253528,421428.29021201,94.62379092,323038.74943212
2081 Bhadau,2024-08,17521,24264481,5205,13097125,293618,196716,25207122,1986817,1109,44,1315148,54,132,67105,11279117,958665,1283243,6856885,12130640,285042,134775,373051,43149869,63765,29133148,21575152,1112900,157573,13245208,37393,6393899,6412444.6858656695,87611.13251833002,471841.75129861163,204570.7271275353,531464.87192625,91635.22657592004,1962.9305390900001,1325.07379239,19949.44283174,364276.6156707,1446.22746144,40339.54429128,61394.97238320999,6080.318366099999,1230.1974742800003,399339.53015172004,104.9698805,344793.72175709
2081 Asoj,2024-09,17675,24596090,5220,13161459,296864,202934,25524189,2026524,1100,44,1327467,54,132,64407,11999048,999267,4273208,7494136,12889052,275474,132104,355939,44048146.112,75148,28925434,20497044.42,1144819,151941,13571044,43906,7172053,4681271.8720243005,103915.09490514998,490115.1350502648,277971.21644080314,617299.0122084001,108328.76524961999,1930.15243169,929.7485769900001,17266.73580363,401241.36994260043,1512.3799130999998,40548.470409117996,70428.40063723242,6417.6863512,853.7208369299999,405628.5948244801,139.42909763999998,445365.64318297006
2081 Kartik,2024-10,17406,24901766,5224,13245840,299153,206786,25758242,2057438,1089,44,1339021,54,133,59304,10149800,829175,1649010,0,10938265,276174,120299,343040,43982284,67886,28500746,19311445,1025058,159070,12276222,50455,5729521,7819869.138859879,90565.69414975998,439984.9769278632,163321.31159124698,0,94576.34202794998,2018.0845848100005,804.3958658699999,16376.230506419994,374664.72888639,1380.22866111,37316.673010608,66870.64177137,5928.74995518,901.4153266899999,371725.98381390003,155.69255471,317835.38206634996
2081 Mangsir,2024-11,17503,25662090,5227,13218192,300496,214213,26034354,2088831,1071,44,1350769,54,134,63509,10221049,955201,1344822,0,11036656,270366,132531,361374,47446948,61767,32296076,23342684,1039678,177912,12894612,56712,6558746,5294271.414291181,86649.14386222002,459745.26738096477,189784.8428564587,0,90780.35766405,1974.77372557,992.8618324500001,17645.578454450002,388440.99689789995,1473.70825534,40785.221027275,72290.74145058998,5979.016481590001,1116.3596296,405038.58197563,192.92837004,382080.20626645995
2081 Push,2024-12,17734,25580184,5229,13363174,306605,219697,26336117,2118384,1065,44,1364988,54,134,69209,10377362,1064751,2972998,0,11147107,269168,130154,378545,48988716,69303,32264400,24517076,999938,167333,13409750,89186,7191989,5301032.8364065895,87519.96191071998,534968.1096819744,231276.16906080468,0,91458.55098336999,2045.5890604299998,1200.01453084,17587.264426350008,398382.2173561601,1549.93991954,40560.481806095,73225.43101288,5933.52620828,1246.54768823,410992.434377,314,425188.37745932
2081 Magh,2025-01,455467,25851333,5235,13457625,308423,228858,26573072,2141604,1028,44,1377776,54,136,67538,10250604,1005833,3359530,0,10790815,251555,139427,391405,50984022,83501,33089210,26306975,761019,169193,13799096,73601,7244423,3856393.17285005,86478.18659177,491219.0270603011,216065.13901499557,0,88799.20157845,1850.50942846,1054.52841186,18249.888206450003,407932.21584146004,1728.96353652,41211.506265136,77908.96848695,4144.59491013,1078.8095630899998,418149.293763063,260.28003294,395508.0033917299
2081 Falgun,2025-02,423869,25987098,5242,13480427,309289,232340,26757194,2141423,1006,44,1390595,54,137,66146,10288695,978609,1869973,0,11050499,253273,128987,410724,51232748,70138,33554239,27022715,976241,166503,14570625,81179,7071243,4459381.10734942,87576.80564337,465104.0175264211,218285.730531204,0,91400.75674972999,1830.7640395000003,859.339717,18259.742170169997,415784.60349299,1602.8487906500002,41738.530895147,80193.77148174998,5635.558453969999,874.7059963400001,434371.45863967,204.68582707000002,410196.16506279
2081 Chaitra,2025-03,422316,26307110,5262,13589225,313223,237107,27012002,2173746,974,44,1403504,54,137,76318,11097969,1107919,3341871,0,11923886,277625,141752,435619,56191717,71582,36608865,31327512,1056472,187505,15762416,101283,7990308,4704595.0654196,93845.38085444999,549557.0024186568,265409.56688882026,0,98036.36891156998,2045.7157037700001,993.5461035699999,19345.042638159997,450453.38820567005,1611.0895766800002,43916.23477298099,90880.00068698001,6058.441645059998,1168.0736631599998,470647.9116785901,251.69581736,468900.18922821997
2082 Baisakh,2025-04,424978,26734011,5266,13531550,306793,240587,27263391,2128991,951,44,1414686,54,137,71526,11309115,1087454,2504002,0,12271523,288839,134528,456350,57371215,85758,37664426,33756696,1087761,180273,15764151,116129,8275936,6108824.09683587,95987.44773928999,520338.3138032939,244389.0967973131,0,101415.15861620998,2049.55159551,998.3997300799999,20655.099900010002,456953.84871054,1867.7876546700002,44872.050305503995,96232.01650772999,6107.545681969998,1217.8828445099998,472663.713526373,296.87335868,466556.66953788
2082 Jestha,2025-05,424525,27064769,5265,13592014,314453,246973,27464996,2179983,880,44,1426579,54,137,71099,10554290,1114552,1265606,0,11403507,287084,151061,482224,57777843,67855,37822921,35146038,1086728,199334,15794223,150228,8323631,6249746.66287803,87577.93872,547056.3206280059,257854.3899302414,0,91670.92895258,2020.2192714400003,1020.2391301400002,20639.208321510003,452286.60578526004,1564.64528927,42886.407783416,93475.39210395,5877.857190740001,1251.5243525300002,469018.93795260997,403.3704451400001,492167.74267008994
2082 Asar,2025-06,427787,26765660,5263,13665792,318428,250695,27741284,2219341,822,44,1441471,54,139,91581,11078861,1478268,5441164,0,11971300,287985,152769,564047,65500157,82400,40190678,40236413,1136419,196326,17985607,155304,11074300,9210904.967112621,93111.04567533,787116.6990699889,468240.458996035,0,97632.94984763999,2221.9711996200003,1327.8848868999999,25334.95223852001,530284.77412585,1813.03730018,48441.294154020004,113195.96180455001,6603.755683040001,1466.28501969,562699.2253606371,446.94213772,704934.85303538
2082 Saun,2025-07,436699,24439439,5264,13661821,318637,256161,27988708,2250772,816,44,1460804,54,142,68912,10341193,948806,1161177,0,10960119,297868,159159,558326,63174594,81793,39688203,40928768,1150156,214812,16888706,133107,8502845,9313057.908794269,83206.44042602001,529659.1321563749,198052.845467987,0,85834.2562398,2148.24139796,1476.9212163000002,22773.90775505,474944.0812360699,1690.7527625900002,45448.90071445999,100675.46388407999,6735.029636350001,1662.77046494,467480.46320077404,373.39060344,394596.99398029
